Customer Name,total_spending,order_frequency,avg_order_value
Aaron Bergman,886.156,6,147.69266666666667
Aaron Hawkins,1744.7,11,158.60909090909092
Aaron Smayling,3050.692,10,305.0692
Adam Bellavance,7755.62,18,430.86777777777775
Adam Hart,3250.337,20,162.51685
Adam Shillingsburg,3255.31,25,130.2124
Adrian Barton,14473.570999999998,20,723.6785499999999
Adrian Hane,1735.5140000000001,16,108.46962500000001
Adrian Shami,58.82,3,19.606666666666666
Aimee Bixby,966.71,12,80.55916666666667
Alan Barnes,1113.838,14,79.55985714285714
Alan Dominguez,6106.88,12,508.9066666666667
Alan Haines,1587.452,8,198.4315
Alan Hwang,4805.344,13,369.64184615384613
Alan Schoenberger,4260.784,13,327.75261538461535
Alan Shonely,503.968,10,50.3968
Alejandro Ballentine,914.5319999999999,14,65.32371428571427
Alejandro Grove,2582.898,14,184.4927142857143
Alejandro Savely,3214.236,8,401.7795
Aleksandra Gannaway,367.548,5,73.5096
Alex Avila,5563.56,11,505.77818181818185
Alex Grayson,660.972,9,73.44133333333333
Alex Russell,1055.694,5,211.1388
Alice McCarthy,814.012,12,67.83433333333333
Allen Armold,1056.39,15,70.426
Allen Goldenen,200.945,8,25.118125
Allen Rosenblatt,2236.128,7,319.44685714285714
Alyssa Crouse,925.8,5,185.16
Alyssa Tate,1166.0720000000001,8,145.75900000000001
Amy Cox,5527.846,9,614.205111111111
Amy Hunt,2495.3916,8,311.92395
Andrew Allen,1790.5120000000002,12,149.20933333333335
Andrew Gjertsen,1419.247,14,101.37478571428572
Andrew Roberts,264.86400000000003,7,37.83771428571429
Andy Gerbode,1455.038,9,161.6708888888889
Andy Reiter,6608.448,9,734.272
Andy Yotov,497.014,10,49.7014
Anemone Ratner,88.15,2,44.075
Angele Hood,738.504,5,147.70080000000002
Ann Blume,1515.862,8,189.48275
Ann Chong,2537.6859999999997,18,140.98255555555554
Ann Steele,833.398,12,69.44983333333333
Anna Andreadi,5086.9349999999995,18,282.60749999999996
Anna Chung,657.316,6,109.55266666666667
Anna Gayman,3489.0396000000005,15,232.60264000000004
Anna Häberlin,7888.294,23,342.9693043478261
Anne McFarland,5664.022,22,257.4555454545455
Anne Pryor,545.932,10,54.5932
Annie Thurman,3831.864,16,239.4915
Annie Zypern,1622.0179999999998,12,135.16816666666665
Anthony Garverick,170.584,5,34.1168
Anthony Jacobs,4867.344,15,324.4896
Anthony Johnson,4501.391,21,214.35195238095235
Anthony O'Donnell,161.28,1,161.28
Anthony Rawles,4523.336,13,347.9489230769231
Anthony Witt,649.376,8,81.172
Arianne Irving,4375.786,18,243.09922222222224
Art Ferguson,2052.908,16,128.30675
Art Foster,861.565,7,123.0807142857143
Arthur Gainer,4510.797,21,214.79985714285712
Arthur Prichep,3323.556,31,107.21148387096774
Arthur Wiediger,2852.968,16,178.3105
Ashley Jarboe,1829.896,9,203.32177777777778
Astrea Jones,629.2479999999999,5,125.84959999999998
Barbara Fisher,599.798,13,46.13830769230769
Barry Blumstein,744.3399999999999,8,93.04249999999999
Barry Franz,1333.88,10,133.388
Barry Französisch,2888.506,21,137.54790476190476
Barry Gonzalez,2798.948,12,233.24566666666666
Barry Pond,983.42,7,140.48857142857142
Barry Weirich,385.516,3,128.50533333333334
Bart Folk,272.95,6,45.49166666666667
Bart Pistole,2442.044,20,122.1022
Bart Watters,4750.358,17,279.4328235294118
Becky Castell,2933.676,18,162.982
Becky Martin,11789.63,16,736.851875
Becky Pak,1697.8609999999999,11,154.351
Ben Ferrer,5907.972,27,218.81377777777777
Ben Peterman,3675.861,18,204.2145
Ben Wallace,1738.406,10,173.8406
Benjamin Farhat,1585.162,8,198.14525
Benjamin Patterson,1181.49,6,196.915
Benjamin Venier,1523.2730000000001,14,108.8052142857143
Berenike Kampe,659.1379999999999,16,41.196124999999995
Beth Fritzler,791.9899999999999,4,197.99749999999997
Beth Paige,2475.157,16,154.6973125
Beth Thompson,2567.656,9,285.2951111111111
Bill Donatelli,5718.521,19,300.9747894736842
Bill Eplett,4204.676,9,467.1862222222223
Bill Overfelt,2682.728,12,223.56066666666666
Bill Shonely,10501.653,9,1166.8503333333333
Bill Stewart,3887.834,13,299.06415384615383
Bill Tyler,2186.6130000000003,10,218.66130000000004
Bobby Elias,2261.438,5,452.2876
Bobby Odegard,130.83,2,65.415
Bobby Trafton,603.876,7,86.268
Brad Eason,748.026,10,74.8026
Brad Norvell,265.296,6,44.216
Brad Thomas,415.19599999999997,3,138.39866666666666
Bradley Drucker,4411.2429999999995,10,441.12429999999995
Bradley Nguyen,1459.344,17,85.84376470588235
Bradley Talbott,2684.4919999999997,10,268.44919999999996
Brenda Bowman,6765.728,20,338.2864
Brendan Dodson,320.54,4,80.135
Brendan Murry,808.162,10,80.81620000000001
Brendan Sweed,2454.928,10,245.4928
Brian Dahlen,2783.189,15,185.54593333333332
Brian DeCherney,1538.11,8,192.26375
Brian Derr,582.646,5,116.52919999999999
Brian Moss,7294.185,29,251.5236206896552
Brian Stugart,3288.1099999999997,11,298.91909090909087
Brian Thompson,3196.752,20,159.8376
Brooke Gillingham,1874.172,8,234.2715
Brosina Hoffman,6255.351,24,260.63962499999997
Bruce Degenhardt,1526.5,10,152.65
Bruce Geld,1006.356,7,143.76514285714285
Bruce Stewart,2562.382,14,183.0272857142857
Bryan Davis,658.466,10,65.8466
Bryan Mills,1338.842,14,95.63157142857143
Bryan Spruell,949.4300000000001,8,118.67875000000001
Candace McMahon,1673.888,10,167.3888
Cari Sayre,1278.954,8,159.86925
Cari Schnelling,537.632,7,76.80457142857142
Carl Jackson,16.52,1,16.52
Carl Ludwig,1262.0140000000001,7,180.28771428571432
Carl Weiss,1136.592,11,103.32654545454547
Carlos Daly,2033.968,9,225.99644444444445
Carlos Meador,565.392,4,141.348
Carlos Soltero,3036.547,22,138.02486363636365
Carol Adams,3789.7228,10,378.97228
Carol Darley,639.766,6,106.62766666666666
Carol Triggs,3241.898,18,180.10544444444446
Caroline Jumper,11164.974,20,558.2487
Cassandra Brandow,5730.669,22,260.4849545454545
Catherine Glotzbach,904.4680000000001,9,100.49644444444445
Cathy Armstrong,1679.7240000000002,10,167.97240000000002
Cathy Hwang,1537.236,4,384.309
Cathy Prescott,5402.254,14,385.8752857142857
Chad Cunningham,1685.889,12,140.49075
Chad McGuire,1661.6100000000001,7,237.37285714285716
Chad Sievert,884.64,7,126.37714285714286
Charles Crestani,2471.65,11,224.69545454545457
Charles McCrossin,2533.314,7,361.902
Charles Sheldon,844.4580000000001,8,105.55725000000001
Charlotte Melton,1475.144,7,210.73485714285715
Chloris Kastensmidt,3154.855,32,98.58921875
Chris Cortes,3670.258,21,174.77419047619046
Chris McAfee,2305.712,8,288.214
Chris Selesnick,2754.216,28,98.36485714285713
Christina Anderson,2638.3272,16,164.89545
Christina DeMoss,1205.584,13,92.73723076923078
Christina VanderZanden,2830.6279999999997,13,217.74061538461535
Christine Abelman,1421.954,11,129.26854545454546
Christine Kargatis,2945.321,12,245.44341666666665
Christine Phan,5817.187,14,415.51335714285716
Christine Sundaresam,3202.1620000000003,22,145.5528181818182
Christopher Conant,12129.072000000002,11,1102.6429090909094
Christopher Martinez,8954.019999999999,10,895.4019999999998
Christopher Schild,3651.8585000000003,14,260.8470357142857
Christy Brittain,1949.2,12,162.43333333333334
Chuck Clark,2870.05,19,151.05526315789476
Chuck Magee,287.99,9,31.99888888888889
Chuck Sachs,550.644,6,91.774
Cindy Chapman,1659.438,13,127.64907692307693
Cindy Schnelling,970.1105,8,121.2638125
Cindy Stewart,5690.054999999999,9,632.2283333333332
Claire Gute,1148.7800000000002,5,229.75600000000003
Claudia Bergmann,4246.4555,19,223.49765789473685
Clay Cheatham,113.832,4,28.458
Clay Ludtke,10880.546,28,388.5909285714286
Clay Rozendal,2148.852,6,358.142
Clytie Kelty,2372.75,25,94.91
Corey Catlett,2540.631,12,211.71925
Corey Roper,475.9,4,118.975
Corey-Lock,1300.076,8,162.5095
Corinna Mitchell,5890.508,8,736.3135
Craig Carreira,2269.7015,14,162.12153571428573
Craig Carroll,2854.1150000000002,12,237.8429166666667
Craig Leslie,2335.586,7,333.65514285714283
Craig Molinari,3984.4524,13,306.49633846153847
Craig Reiter,1600.55,6,266.7583333333333
Craig Yedwab,2004.0819999999999,10,200.4082
Cyma Kinney,1582.109,14,113.0077857142857
Cynthia Arntzen,3041.566,17,178.9156470588235
Cynthia Delaney,1860.732,15,124.0488
Cynthia Voltz,2370.3136,19,124.75334736842105
Cyra Reiten,1397.8724,7,199.69605714285714
Damala Kotsonis,3256.48,27,120.61037037037038
Dan Campbell,3336.168,18,185.34266666666667
Dan Lawera,444.024,7,63.432
Dan Reichenbach,6528.034000000001,24,272.00141666666667
Dana Kaydos,4282.176,15,285.4784
Daniel Byrd,2171.599,12,180.96658333333335
Daniel Lacy,3272.2,14,233.72857142857143
Daniel Raglin,8350.868,13,642.3744615384616
Dario Medina,1322.034,9,146.89266666666668
Darren Budd,2469.6672,10,246.96671999999998
Darren Koutras,1687.04,8,210.88
Darren Powers,897.524,15,59.83493333333333
Darrin Martin,6345.103,20,317.25515
Darrin Sayre,1762.213,19,92.74805263157894
Darrin Van Huff,1119.483,9,124.387
Dave Brooks,4151.51,10,415.151
Dave Hallsten,3487.1980000000003,18,193.73322222222225
Dave Kipp,2650.557,13,203.88899999999998
Dave Poirier,2215.002,14,158.21442857142856
David Bremer,2973.094,14,212.36385714285714
David Flashing,2390.534,6,398.42233333333337
David Kendrick,797.832,5,159.5664
David Philippe,1058.616,4,264.654
David Smith,2881.8128,20,144.09064
David Wiener,1080.751,9,120.08344444444444
Dean Braden,2332.577,21,111.07509523809524
Dean Katz,4802.394,19,252.75757894736844
Dean percer,7198.7609999999995,29,248.23313793103446
Deanra Eno,2550.874,9,283.43044444444445
Deborah Brumfield,4655.897,13,358.14592307692305
Debra Catini,1174.618,7,167.8025714285714
Deirdre Greer,3195.818,8,399.47725
Delfina Latchford,1458.258,17,85.77988235294117
Denise Leinenbach,585.02,8,73.1275
Denise Monton,4074.4719999999998,13,313.42092307692303
Dennis Bolton,1081.466,6,180.24433333333332
Dennis Kane,3318.486,23,144.28199999999998
Dennis Pardue,5480.723999999999,14,391.4802857142857
Denny Blanton,1711.692,14,122.26371428571429
Denny Joy,2012.52,5,402.504
Denny Ordway,1300.0315,13,100.00242307692308
Dianna Arnett,156.76,8,19.595
Dianna Vittorini,3254.487,13,250.34515384615386
Dianna Wilson,5271.628,11,479.2389090909091
Dionis Lloyd,3539.322,12,294.94350000000003
Don Jones,2501.6879999999996,13,192.43753846153842
Don Miller,1376.792,10,137.67919999999998
Don Weiss,344.08,9,38.23111111111111
Dorothy Badders,3908.8028,14,279.2002
Dorothy Dickinson,269.542,9,29.949111111111108
Dorothy Wardle,1204.854,10,120.4854
Dorris liebe,755.602,6,125.93366666666667
Doug Bickford,1989.05,11,180.82272727272726
Doug Jacobs,3356.398,8,419.54975
Doug O'Connell,1267.316,11,115.21054545454545
Duane Benoit,1155.202,10,115.5202
Duane Huffman,1043.096,11,94.8269090909091
Duane Noonan,2139.79,11,194.52636363636364
Ed Braxton,3644.978,12,303.7481666666667
Ed Jacobs,2162.174,8,270.27175
Ed Ludwig,124.28,2,62.14
Edward Becker,3236.314,20,161.8157
Edward Hooks,9940.380000000001,27,368.1622222222223
Edward Nazzal,2199.366,9,244.374
Eileen Kiefer,1303.478,4,325.8695
Eleni McCrary,2567.0099999999998,7,366.7157142857142
Elizabeth Moffitt,2339.598,16,146.224875
Ellis Ballard,964.448,7,137.77828571428572
Elpida Rittenbach,1245.788,5,249.1576
Emily Burns,2767.219,11,251.56536363636363
Emily Ducich,3484.92,14,248.92285714285714
Emily Grady,1832.02,9,203.55777777777777
Emily Phan,5478.0608,31,176.71163870967743
Eric Barreto,944.6000000000001,7,134.94285714285715
Eric Hoffmann,684.1709999999999,17,40.24535294117646
Eric Murdock,933.704,6,155.61733333333333
Erica Bern,1643.255,6,273.87583333333333
Erica Hackney,825.9499999999999,8,103.24374999999999
Erica Hernandez,1219.53,11,110.86636363636363
Erica Smith,3510.4579999999996,8,438.80724999999995
Erin Ashbrook,2752.441,22,125.11095454545453
Erin Creighton,461.914,7,65.98771428571429
Erin Mull,228.99,6,38.165
Erin Smith,4657.924,20,232.8962
Eudokia Martin,1041.0420000000001,10,104.10420000000002
Eugene Barchas,3071.126,11,279.19327272727276
Eugene Hildebrand,3082.653,18,171.2585
Eugene Moren,4588.436000000001,21,218.49695238095242
Eva Jacobs,2656.691,8,332.086375
Evan Bailliet,1186.326,7,169.47514285714286
Evan Henry,923.884,8,115.4855
Evan Minnotte,366.822,4,91.7055
Filia McAdams,2456.638,15,163.77586666666667
Frank Atkinson,2984.054,17,175.53258823529413
Frank Carlisle,3418.742,14,244.19585714285716
Frank Gastineau,1383.144,11,125.74036363636364
Frank Hawley,4256.272,21,202.67961904761904
Frank Merwin,3736.198,20,186.8099
Frank Olsen,2678.438,15,178.56253333333333
Frank Preis,4046.746,14,289.0532857142857
Fred Chung,3889.366,10,388.9366
Fred Harton,2271.284,14,162.23457142857143
Fred Hopkins,6987.196,13,537.4766153846153
Fred McMath,2523.266,14,180.23328571428573
Fred Wasserman,79.75,3,26.583333333333332
Gary Hansen,2819.4669999999996,17,165.85099999999997
Gary Hwang,4172.8460000000005,10,417.28460000000007
Gary McGarr,3582.8199999999997,11,325.71090909090907
Gary Mitchum,3078.624,12,256.55199999999996
Gary Zandusky,4355.150000000001,14,311.0821428571429
Gene Hale,1361.2440000000001,3,453.74800000000005
Gene McClure,1255.682,13,96.59092307692308
George Ashbrook,3797.2320000000004,10,379.7232
George Bell,1568.44,20,78.422
George Zrebassa,2454.6220000000003,5,490.92440000000005
Georgia Rosenberg,1284.38,5,256.87600000000003
Giulietta Baptist,4716.288,16,294.768
Giulietta Dortch,1888.07,6,314.67833333333334
Giulietta Weimer,2189.019,9,243.2243333333333
Grace Kelly,6497.27,14,464.09071428571434
Grant Thornton,9351.212,6,1558.5353333333333
Greg Guthrie,2224.0,24,92.66666666666667
Greg Hansen,146.94080000000002,3,48.98026666666667
Greg Matthias,3163.628,11,287.60254545454546
Greg Maxwell,6049.966,11,549.9969090909091
Greg Tran,11820.119999999999,29,407.5903448275862
Guy Armstrong,1398.382,22,63.56281818181819
Guy Phonely,236.53,5,47.306
Guy Thornton,226.436,7,32.348
Hallie Redmond,940.588,5,188.11759999999998
Harold Dahlen,251.36,7,35.90857142857143
Harold Engle,755.462,8,94.43275
Harold Pawlan,1990.314,10,199.03140000000002
Harold Ryan,5248.787,14,374.91335714285714
Harry Greene,785.628,10,78.56280000000001
Harry Marie,8236.7648,20,411.83824000000004
Heather Jas,358.1,6,59.68333333333334
Heather Kirkland,4877.784,15,325.18559999999997
Helen Abelman,2163.3,10,216.33
Helen Andreada,2584.158,18,143.56433333333334
Helen Wasserman,4827.934,15,321.8622666666667
Henia Zydlo,886.52,6,147.75333333333333
Henry Goldwyn,3247.642,17,191.03776470588235
Henry MacAllister,736.276,7,105.18228571428571
Herbert Flentye,2533.1639999999998,19,133.32442105263158
Hilary Holden,218.668,6,36.44466666666667
Hunter Glantz,3690.284,11,335.4803636363636
Hunter Lopez,12873.297999999999,11,1170.2998181818182
Ionia McGrath,48.4,2,24.2
Irene Maddox,4930.474,21,234.7844761904762
Ivan Gibson,744.574,7,106.36771428571429
Ivan Liston,5040.736,14,360.0525714285714
Jack Garza,2358.676,7,336.9537142857143
Jack Lebron,1214.956,12,101.24633333333333
Jack O'Briant,3254.949,13,250.3806923076923
James Galang,6366.392,18,353.68844444444443
James Lanier,1571.523,7,224.5032857142857
Jamie Frazer,2239.606,18,124.42255555555556
Jamie Kunitz,4262.2919999999995,12,355.191
Jane Waco,7721.714,14,551.551
Janet Lee,2203.7,10,220.36999999999998
Janet Martin,3159.1220000000003,19,166.26957894736844
Janet Molinari,1804.146,13,138.78046153846154
Jas O'Carroll,1934.272,11,175.84290909090907
Jason Fortune-,955.124,14,68.22314285714286
Jason Gross,2240.58,11,203.6890909090909
Jason Klamczynski,383.812,4,95.953
Jasper Cacioppo,71.263,4,17.81575
Jay Fein,1911.844,16,119.49025
Jay Kimmel,2136.458,16,133.528625
Jenna Caffey,1058.108,4,264.527
Jennifer Braxton,1791.605,16,111.9753125
Jennifer Ferguson,2309.432,13,177.64861538461537
Jennifer Halladay,309.281,7,44.183
Jennifer Jackson,709.178,6,118.19633333333333
Jennifer Patt,1669.135,15,111.27566666666667
Jeremy Ellison,1388.682,13,106.8216923076923
Jeremy Farry,890.95,14,63.63928571428572
Jeremy Lonsdale,3173.874,17,186.6984705882353
Jeremy Pistek,3635.594,16,227.224625
Jessica Myrick,1733.443,10,173.3443
Jesus Ocampo,1090.838,11,99.1670909090909
Jill Fjeld,4198.332,16,262.39575
Jill Matthias,303.948,7,43.421142857142854
Jill Stevenson,1417.654,8,177.20675
Jim Epp,7754.976,20,387.74879999999996
Jim Karlsson,3760.028,12,313.33566666666667
Jim Kriz,4760.434,12,396.70283333333333
Jim Mitchum,864.947,12,72.07891666666667
Jim Radford,1156.658,3,385.55266666666665
Jim Sink,990.1959999999999,9,110.02177777777777
Jocasta Rupert,863.88,1,863.88
Joe Elijah,8697.842999999999,22,395.3564999999999
Joe Kamberova,4769.9,19,251.04736842105262
Joel Eaton,6760.8150000000005,23,293.9484782608696
Joel Jenkins,195.0,3,65.0
John Castell,2772.055,16,173.2534375
John Dryer,2152.352,7,307.4788571428571
John Grady,1507.018,9,167.44644444444444
John Huston,528.91,8,66.11375
John Lee,9576.343,33,290.19221212121215
John Lucas,2725.256,11,247.75054545454543
John Murray,7625.076000000001,13,586.5443076923077
John Stevenson,3868.02,9,429.78
Jonathan Doherty,7610.8640000000005,32,237.83950000000002
Jonathan Howell,959.477,9,106.60855555555555
Joni Blumstein,900.552,8,112.569
Joni Sundaresam,469.169,8,58.646125
Joni Wasserman,1049.2379999999998,10,104.92379999999999
Joseph Airdo,6491.026,24,270.45941666666664
Joseph Holt,7954.9980000000005,14,568.2141428571429
Joy Bell-,644.1188,7,92.01697142857142
Joy Daniels,385.43,11,35.03909090909091
Joy Smith,2516.494,18,139.80522222222223
Julia Barnett,2518.115,9,279.79055555555556
Julia Dunbar,695.442,6,115.907
Julia West,1428.731,7,204.10442857142857
Juliana Krohn,3747.668,9,416.4075555555556
Julie Creighton,858.576,9,95.39733333333334
Julie Kriz,2932.484,17,172.4990588235294
Julie Prescott,1707.71,13,131.3623076923077
Justin Deggeller,8828.0305,17,519.2959117647059
Justin Ellison,2697.248,7,385.3211428571429
Justin Hirsh,2256.3940000000002,5,451.27880000000005
Justin MacKendrick,2833.9260000000004,19,149.15400000000002
Justin Ritter,2201.686,10,220.16860000000003
Kalyca Meade,2260.958,19,118.99778947368422
Karen Bern,3152.6150000000002,10,315.2615
Karen Carlisle,2120.954,10,212.0954
Karen Daniels,8282.358,16,517.647375
Karen Ferguson,10604.266,18,589.1258888888889
Karen Seio,88.472,4,22.118
Karl Braun,1569.464,22,71.33927272727273
Katharine Harms,3312.864,18,184.048
Katherine Ducich,1888.964,10,188.8964
Katherine Hughes,3100.612,14,221.47228571428573
Katherine Murray,5620.186,20,281.0093
Katherine Nockton,2224.0860000000002,15,148.2724
Katrina Bavinger,908.821,9,100.98011111111111
Katrina Edelman,1453.2812000000001,12,121.10676666666667
Katrina Willman,4416.5199999999995,10,441.65199999999993
Kean Nguyen,2171.962,8,271.49525
Kean Takahito,3057.1,14,218.3642857142857
Kean Thornton,4642.088400000001,13,357.0837230769231
Keith Dawkins,8181.256,28,292.1877142857143
Keith Herrera,5229.695000000001,20,261.48475
Kelly Andreada,1519.506,11,138.13690909090909
Kelly Collister,3908.262,5,781.6524000000001
Kelly Lampkin,5016.488,22,228.02218181818182
Kelly Williams,449.096,5,89.8192
Ken Black,2744.742,23,119.33660869565219
Ken Brennan,983.922,9,109.32466666666667
Ken Dana,907.158,7,129.594
Ken Heidel,3918.9660000000003,17,230.5274117647059
Ken Lonsdale,14175.229000000001,29,488.80100000000004
Khloe Miller,453.538,9,50.39311111111111
Kimberly Carter,1146.05,7,163.72142857142856
Kristen Hastings,5990.799,15,399.3866
Kristina Nunn,2003.01,12,166.9175
Kunst Miller,4909.472,28,175.33828571428572
Larry Blacks,50.188,3,16.729333333333333
Larry Hughes,287.426,3,95.80866666666667
Larry Tron,329.876,3,109.95866666666666
Laura Armstrong,8673.222,26,333.5854615384615
Laurel Beltran,4704.304,23,204.53495652173913
Laurel Elliston,1469.45,9,163.27222222222224
Laurel Workman,2238.061,15,149.20406666666668
Lauren Leatherbury,2454.554,10,245.4554
Lela Donovan,5.304,1,5.304
Lena Cacioppo,2580.7039999999997,30,86.02346666666666
Lena Creighton,7663.126,23,333.17939130434786
Lena Hernandez,2295.332,15,153.02213333333333
Lena Radford,5142.892,16,321.43075
Linda Cazamias,4492.946,14,320.9247142857143
Linda Southworth,2845.27,14,203.23357142857142
Lindsay Castell,3246.626,7,463.8037142857143
Lindsay Shagiari,2988.674,22,135.8488181818182
Lindsay Williams,3230.308,11,293.66436363636365
Lisa DeCherney,1961.934,7,280.27628571428573
Lisa Hazard,318.239,6,53.03983333333333
Lisa Ryan,1879.306,12,156.60883333333334
Liz Carlisle,2095.064,9,232.78488888888887
Liz MacKendrick,1346.774,7,192.3962857142857
Liz Pelletier,756.606,9,84.06733333333334
Liz Preis,3104.439,13,238.803
Liz Thompson,2936.252,14,209.73228571428572
Liz Willingham,1259.04,5,251.808
Logan Currie,2633.582,19,138.60957894736842
Logan Haushalter,1739.689,19,91.56257894736842
Lori Olson,644.35,9,71.59444444444445
Luke Foster,3930.5089999999996,16,245.65681249999997
Luke Schmidt,1010.2560000000001,14,72.16114285714286
Luke Weiss,5420.514,15,361.3676
Lycoris Saunders,368.88000000000005,6,61.48000000000001
Lynn Smith,1008.1360000000001,12,84.01133333333334
Magdelene Morse,1314.023,6,219.00383333333332
Marc Crier,2725.982,13,209.69092307692307
Marc Harrigan,1691.505,10,169.15050000000002
Maria Bertelson,1548.702,19,81.51063157894737
Maria Etezadi,10663.728000000001,22,484.71490909090915
Maria Zettner,593.606,6,98.93433333333333
Maribeth Dona,2716.412,15,181.09413333333333
Maribeth Schnelling,7443.6900000000005,24,310.15375
Maribeth Yedwab,2254.285,13,173.40653846153845
Marina Lichtenstein,2722.843,20,136.14215
Maris LaWare,2885.26,14,206.09
Mark Cousins,4432.138,10,443.2138
Mark Haberlin,400.016,9,44.446222222222225
Mark Hamilton,2146.694,9,238.52155555555555
Mark Packer,2945.822,12,245.4851666666667
Mark Van Huff,1560.05,15,104.00333333333333
Mary O'Rourke,922.487,5,184.4974
Mary Zewe,2564.906,10,256.4906
MaryBeth Skach,475.65599999999995,7,67.95085714285713
Mathew Reese,639.178,6,106.52966666666667
Matt Abelman,4299.161,34,126.44591176470588
Matt Collins,1303.893,11,118.53572727272727
Matt Collister,2426.067,17,142.70982352941178
Matt Connell,2258.192,18,125.45511111111111
Matt Hagelstein,1252.8,6,208.79999999999998
Matthew Clasen,795.154,8,99.39425
Matthew Grinstein,3785.276,14,270.37685714285715
Maureen Fritzler,937.039,8,117.129875
Maureen Gastineau,2350.188,10,235.0188
Maureen Gnade,1342.282,7,191.7545714285714
Maurice Satty,1613.402,15,107.56013333333334
Max Engle,1908.4532,13,146.80409230769231
Max Jones,6320.746,15,421.38306666666665
Max Ludwig,2071.9139999999998,13,159.378
Maxwell Schwartz,3144.678,19,165.5093684210526
Maya Herman,2203.7780000000002,11,200.34345454545456
Meg O'Connel,1687.0269999999998,11,153.3660909090909
Meg Tillman,2890.139,10,289.01390000000004
Melanie Seite,370.348,5,74.06960000000001
Michael Chen,3805.714,14,271.83671428571427
Michael Dominguez,1204.91,8,150.61375
Michael Grace,1242.8329999999999,7,177.54757142857142
Michael Granlund,776.384,13,59.72184615384616
Michael Kennedy,2302.368,17,135.43341176470588
Michael Moore,3640.2560000000003,15,242.68373333333335
Michael Nguyen,2477.946,10,247.7946
Michael Oakman,154.288,4,38.572
Michael Paige,3983.6420000000003,20,199.18210000000002
Michael Stewart,855.116,11,77.73781818181818
Michelle Arnett,2453.284,12,204.44033333333334
Michelle Ellison,1256.944,6,209.49066666666667
Michelle Huthwaite,2984.948,10,298.4948
Michelle Lonsdale,742.082,4,185.5205
Michelle Moray,2749.881,19,144.7305789473684
Michelle Tran,1319.4498,11,119.94998181818183
Mick Brown,1428.231,10,142.8231
Mick Crebagga,2218.98,19,116.78842105263158
Mick Hernandez,5503.093,22,250.1405909090909
Mike Caudle,1581.9979999999998,11,143.81799999999998
Mike Gockenbach,3061.543,8,382.692875
Mike Kennedy,1031.602,11,93.78200000000001
Mike Pelletier,4757.332,18,264.29622222222224
Mike Vittorini,1734.574,11,157.68854545454545
Mitch Gastineau,16.739,2,8.3695
Mitch Webber,5341.900000000001,14,381.56428571428575
Mitch Willingham,5253.876,3,1751.2920000000001
Monica Federle,1758.3,12,146.525
Muhammed Lee,162.232,3,54.077333333333335
Muhammed MacIntyre,775.414,12,64.61783333333334
Muhammed Yedwab,3601.88,19,189.57263157894738
Nancy Lomonaco,1418.0900000000001,10,141.80900000000003
Naresj Patel,5529.62,21,263.3152380952381
Nat Carroll,2461.404,17,144.7884705882353
Nat Gilpin,1869.58,16,116.84875
Natalie DeCherney,4326.139,18,240.34105555555556
Natalie Fritzler,8080.474,13,621.5749230769231
Natalie Webber,7234.014,22,328.8188181818182
Nathan Cano,2218.9900000000002,14,158.49928571428572
Nathan Gelder,1395.9379999999999,9,155.1042222222222
Nathan Mautz,6459.344,14,461.3817142857143
Neil Ducich,2893.455,8,361.681875
Neil Französisch,377.16200000000003,4,94.29050000000001
Neil Knudson,572.048,11,52.004363636363635
Neola Schneider,2575.863,15,171.7242
Neoma Murray,2161.979,15,144.1319333333333
Nick Crebassa,8241.739,15,549.4492666666666
Nick Radford,2367.277,13,182.09823076923078
Nick Zandusky,2488.31,20,124.4155
Nicole Brennan,273.87199999999996,2,136.93599999999998
Nicole Fjeld,2031.472,12,169.28933333333333
Nicole Hansen,2518.6659999999997,9,279.8517777777777
Noah Childs,1821.742,9,202.41577777777778
Noel Staavos,2857.753,23,124.25013043478262
Nona Balk,1972.599,17,116.03523529411764
Nora Paige,3908.402,10,390.8402
Nora Pelletier,1164.73,6,194.12166666666667
Nora Preis,7903.1825,13,607.9371153846154
Odella Nelson,1567.52,15,104.50133333333333
Olvera Toch,3818.624,10,381.8624
Pamela Coakley,1832.064,5,366.4128
Pamela Stobb,2181.479,21,103.87995238095237
Parhena Norris,1467.152,13,112.85784615384615
Patricia Hirasaki,729.648,2,364.824
Patrick Bzostek,740.356,10,74.0356
Patrick Gardner,3086.907,26,118.72719230769232
Patrick Jones,1220.09,13,93.85307692307691
Patrick O'Brill,7473.8282,22,339.7194636363636
Patrick O'Donnell,2493.214,13,191.7856923076923
Patrick Ryan,1840.178,12,153.34816666666669
Paul Gonzalez,1987.164,17,116.892
Paul Knutson,1441.152,3,480.384
Paul Lucas,239.481,8,29.935125
Paul MacIntyre,1405.402,4,351.3505
Paul Prost,7252.608,34,213.312
Paul Stevenson,1278.639,13,98.35684615384615
Paul Van Hugh,2876.046,13,221.23430769230768
Pauline Chand,1061.488,3,353.82933333333335
Pauline Johnson,1677.536,7,239.648
Pauline Webber,3454.916,13,265.76276923076927
Penelope Sewall,6843.634,13,526.4333846153846
Pete Armstrong,729.408,7,104.20114285714286
Pete Kriz,8646.934,25,345.87735999999995
Pete Takahito,158.46,6,26.41
Peter Bühler,688.324,5,137.66479999999999
Peter Fuller,9062.864,19,476.99284210526315
Peter McVee,4115.662,7,587.9517142857143
Philip Brown,1456.95,11,132.45000000000002
Philip Fox,2770.0,10,277.0
Philisse Overcash,4893.043,18,271.8357222222222
Phillina Ober,1056.858,10,105.6858
Phillip Breyer,132.738,2,66.369
Phillip Flathmann,2206.1279999999997,10,220.61279999999996
Pierre Wener,3922.4150000000004,12,326.8679166666667
Quincy Jones,6108.338,13,469.8721538461538
Rachel Payne,954.6452,12,79.55376666666668
Ralph Arnett,2617.906,17,153.9944705882353
Ralph Kennedy,1460.192,8,182.524
Ralph Ritter,615.932,4,153.983
Randy Bradley,1008.1959999999999,6,168.03266666666664
Randy Ferguson,3309.15,16,206.821875
Raymond Buch,15117.339,18,839.8521666666667
Raymond Messe,1453.474,9,161.4971111111111
Resi Pölking,5153.084,25,206.12336
Ricardo Emerson,48.36,1,48.36
Ricardo Sperren,3221.29,9,357.9211111111111
Richard Bierner,1864.156,13,143.3966153846154
Richard Eichhorn,666.52,6,111.08666666666666
Rick Bensley,4715.466,23,205.02026086956522
Rick Duston,4272.93,15,284.862
Rick Hansen,3621.3759999999997,8,452.67199999999997
Rick Huthwaite,6979.18,12,581.5983333333334
Rick Reed,3302.2619999999997,10,330.22619999999995
Rick Wilson,7397.401,23,321.6261304347826
Ritsa Hightower,740.382,3,246.79399999999998
Rob Beeghly,528.546,9,58.72733333333334
Rob Dowd,2832.904,18,157.38355555555555
Rob Haberlin,2085.7400000000002,11,189.61272727272728
Rob Lucas,6234.91,24,259.78791666666666
Rob Williams,3279.746,16,204.984125
Robert Barroso,221.084,7,31.583428571428573
Robert Dilbeck,2745.892,4,686.473
Robert Marley,5979.0960000000005,11,543.5541818181819
Robert Waldorf,3495.646,15,233.04306666666668
Roger Barcio,2067.45,7,295.34999999999997
Roger Demir,1419.737,20,70.98685
Roland Fjeld,2341.2960000000003,14,167.2354285714286
Roland Murray,98.35,2,49.175
Roland Schwarz,4159.7699999999995,14,297.12642857142856
Rose O'Brian,3815.478,12,317.9565
Ross Baird,5633.316000000001,18,312.96200000000005
Ross DeVincentis,1137.616,16,71.101
Roy Collins,966.409,10,96.6409
Roy Französisch,938.862,10,93.8862
Roy Phan,2055.356,14,146.81114285714287
Roy Skaria,22.328,3,7.442666666666667
Ruben Ausman,3546.224,13,272.78646153846154
Ruben Dartt,3133.924,21,149.2344761904762
Russell Applegate,4793.543,22,217.88831818181816
Russell D'Ascenzo,970.9420000000001,10,97.09420000000001
Ryan Akin,1686.9225,9,187.43583333333333
Ryan Crowe,652.644,8,81.5805
Sally Hughsby,2465.6594999999998,24,102.7358125
Sally Knutson,883.409,5,176.6818
Sally Matthias,244.49399999999997,6,40.748999999999995
Sam Craven,3362.9636,17,197.8213882352941
Sam Zeldin,3625.329,20,181.26645000000002
Sample Company A,4624.572,15,308.3048
Sandra Flanagan,763.5459999999999,9,84.83844444444443
Sandra Glassco,3406.5809999999997,11,309.6891818181818
Sanjit Chand,14142.333999999999,22,642.8333636363636
Sanjit Engle,12209.438000000002,19,642.6020000000001
Sanjit Jacobs,3949.656,24,164.569
Saphhira Shifley,1324.028,21,63.04895238095238
Sara Luxemburg,3046.532,8,380.8165
Sarah Bern,1348.02,7,192.5742857142857
Sarah Brown,6410.996,12,534.2496666666667
Sarah Foster,3422.7859999999996,15,228.1857333333333
Sarah Jordon,1341.036,10,134.1036
Scot Coram,4371.9580000000005,11,397.4507272727273
Scot Wooten,1085.078,10,108.5078
Scott Cohen,3729.7929999999997,18,207.21072222222222
Scott Williamson,1966.65,7,280.95
Sean Braxton,8057.891,17,473.9935882352941
Sean Christensen,3650.473,10,365.0473
Sean Miller,25043.05,15,1669.5366666666666
Sean O'Donnell,2602.5755,15,173.50503333333333
Sean Wendt,1019.044,6,169.84066666666666
Seth Vernon,11470.949999999999,32,358.46718749999997
Shahid Collister,5992.536,20,299.6268
Shahid Hopkins,2180.718,15,145.38119999999998
Shahid Shariari,3056.8070000000002,12,254.7339166666667
Sharelle Roach,3233.481,9,359.27566666666667
Shaun Chance,1874.998,10,187.4998
Shaun Weien,2835.564,8,354.4455
Sheri Gordon,1884.798,14,134.62842857142857
Shirley Daniels,6121.114,21,291.481619047619
Shirley Jackson,1318.776,7,188.39657142857143
Shirley Schmidt,613.4,6,102.23333333333333
Shui Tom,433.34000000000003,12,36.11166666666667
Sibella Parks,1306.086,10,130.6086
Skye Norling,1860.418,15,124.02786666666665
Sonia Cooley,799.798,6,133.29966666666667
Sonia Sunley,418.49,9,46.49888888888889
Speros Goranitis,3118.892,12,259.90766666666667
Stefania Perrino,5440.319,24,226.67995833333336
Stefanie Holloman,2096.392,2,1048.196
Stephanie Phelps,1872.4360000000001,15,124.82906666666668
Stephanie Ulpright,2595.364,18,144.1868888888889
Steve Carroll,1254.64,8,156.83
Steve Chapman,2576.408,14,184.02914285714286
Steve Nguyen,3127.9592,19,164.62943157894736
Steven Cartwright,5226.21,26,201.0080769230769
Steven Roelle,4345.8859999999995,12,362.1571666666666
Steven Ward,758.6959999999999,8,94.83699999999999
Stewart Carmichael,4492.657,21,213.93604761904763
Stewart Visinsky,4105.305,25,164.21220000000002
Stuart Calhoun,279.25600000000003,5,55.851200000000006
Stuart Van,1271.0900000000001,6,211.84833333333336
Sue Ann Reed,4767.3415,21,227.01626190476193
Sung Chung,14.112,1,14.112
Sung Pak,4282.94,24,178.45583333333332
Sung Shariari,964.636,15,64.30906666666667
Susan Gilcrest,47.946,5,9.5892
Susan MacKendrick,1043.041,6,173.84016666666665
Susan Pistek,3990.689,14,285.0492142857143
Susan Vittorini,1903.491,13,146.4223846153846
Suzanne McNair,4464.862,20,223.2431
Sylvia Foulston,3336.535,17,196.26676470588234
Tamara Chand,19052.218,12,1587.6848333333335
Tamara Dahlen,1434.5480000000002,16,89.65925000000001
Tamara Manning,2819.026,15,187.93506666666664
Tamara Willingham,5278.826,12,439.9021666666667
Tanja Norvell,3130.221,12,260.85175
Ted Butterfield,1451.361,17,85.37417647058824
Ted Trevino,4915.602,14,351.11442857142856
Thais Sissman,4.833,2,2.4165
Thea Hendricks,2422.824,7,346.11771428571427
Thea Hudgings,2942.772,9,326.9746666666667
Theone Pippenger,4454.0560000000005,16,278.37850000000003
Theresa Coyne,1038.26,4,259.565
Theresa Swint,2163.6240000000003,17,127.27200000000002
Thomas Boland,3589.296,11,326.29963636363635
Thomas Brumley,816.1740000000001,4,204.04350000000002
Thomas Seio,5371.09,19,282.68894736842105
Thomas Thornton,1427.0439999999999,15,95.13626666666666
Tiffany House,1022.201,13,78.63084615384615
Tim Brockman,1602.376,19,84.33557894736842
Tim Taslimi,439.5,3,146.5
Toby Braunhardt,2198.45,11,199.8590909090909
Toby Carlisle,4266.812,16,266.67575
Toby Gnade,3058.372,9,339.8191111111111
Toby Ritter,675.9419999999999,7,96.56314285714284
Toby Swindell,974.7819999999999,12,81.23183333333333
Todd Boyes,834.328,13,64.17907692307692
Todd Sumrall,11891.751,15,792.7834
Tom Ashbrook,14595.62,10,1459.5620000000001
Tom Boeckenhauer,9108.742,16,569.296375
Tom Prescott,5329.0048,10,532.90048
Tom Stivers,2054.14,7,293.4485714285714
Tonja Turnell,5364.808,14,383.20057142857144
Tony Chapman,1244.976,11,113.17963636363638
Tony Molinari,1094.6779999999999,4,273.66949999999997
Tony Sayre,2243.274,14,160.23385714285715
Tracy Blumstein,4737.486,20,236.8743
Tracy Collins,742.5580000000001,10,74.25580000000001
Tracy Hopkins,4234.0960000000005,13,325.6996923076923
Tracy Poddar,1936.6399999999999,10,193.664
Tracy Zic,1707.286,9,189.69844444444445
Troy Blackwell,1240.871,5,248.1742
Troy Staebel,2820.424,11,256.4021818181818
Trudy Brown,2797.668,15,186.5112
Trudy Glocke,2074.661,10,207.4661
Trudy Schmidt,3368.094,14,240.57814285714286
Valerie Dominguez,6442.254,16,402.640875
Valerie Mitchum,2454.866,12,204.57216666666667
Valerie Takahito,1736.596,9,192.9551111111111
Vicky Freymann,847.944,11,77.08581818181818
Victor Preis,993.9019999999999,5,198.7804
Victoria Brennan,2005.596,10,200.5596
Victoria Pisteka,3360.526,14,240.03757142857143
Victoria Wilson,6134.0380000000005,18,340.77988888888893
Vivek Gonzalez,846.01,8,105.75125
Vivek Grady,418.432,5,83.6864
Vivek Sundaresam,1055.981,8,131.997625
Vivian Mathis,380.69,8,47.58625
William Brown,6129.71,35,175.13457142857143
Xylona Preis,2374.658,28,84.80921428571428
Yana Sorensen,6720.4439999999995,12,560.0369999999999
Yoseph Carroll,5454.35,8,681.79375
Zuschuss Carroll,8025.707,31,258.8937741935484
Zuschuss Donatelli,1493.944,9,165.99377777777778
